App_Name,Category,Rating,Size,Installs,Price,Content_Rating,App_Version,App_Description,Operating_System,Developer
Photo Editor & Candy Camera & Grid & ScrapBook,ART_AND_DESIGN,4.1,19M,1873641,0,Everyone,1.0.0,,Android,Photolabs
Coloring book moana,ART_AND_DESIGN,3.9,14M,1444570,0,Everyone,2.0.0,,Android,Coloring Inc
"U Launcher Lite – FREE Live Cool Themes, Hide Apps",ART_AND_DESIGN,4.7,8.7M,4086704,0,Everyone,1.2.4,,iOS,Launcher Labs
Sketch - Draw & Paint,ART_AND_DESIGN,4.5,25M,9218,0,Teen,Varies with device,,Android,Sketch
Pixel Draw - Number Art Coloring Book,ART_AND_DESIGN,4.3,2.8M,884805,0,Everyone,1.1,,Android,Pixels 
Paper flowers instructions,ART_AND_DESIGN,4.4,5.6M,4369408,0,Everyone,1,,Android,Pixels 
Smoke Effect Photo Maker - Smoke Editor,ART_AND_DESIGN,3.8,19M,4988121,0,Everyone,1.1,,Android,Pixels 
Infinite Painter,ART_AND_DESIGN,4.1,29M,1276487,0,Everyone,6.1.61.1,,Android,Pixels 
Garden Coloring Book,ART_AND_DESIGN,4.4,33M,4887063,0,Everyone,2.9.2,,iOS,Pixels 
Kids Paint Free - Drawing Fun,ART_AND_DESIGN,4.7,3.1M,3418056,0,Everyone,2.8,,Android,Pixels 
Text on Photo - Fonteee,ART_AND_DESIGN,4.4,28M,2903774,0,Everyone,1.0.4,,Android,Pixels 
Name Art Photo Editor - Focus n Filters,ART_AND_DESIGN,4.4,12M,3067633,0,Everyone,1.0.15,,Android,Pixels 
Tattoo Name On My Photo Editor,ART_AND_DESIGN,4.2,20M,2534087,0,Teen,3.8,,Android,Pixels 
Mandala Coloring Book,ART_AND_DESIGN,4.6,21M,361650,0,Everyone,1.0.4,,iOS,Pixels 
3D Color Pixel by Number - Sandbox Art Coloring,ART_AND_DESIGN,4.4,37M,313916,0,Everyone,1.2.3,,Android,Pixels 
Learn To Draw Kawaii Characters,ART_AND_DESIGN,3.2,2.7M,3310431,0,Everyone,NaN,,Android,Launcher Labs
Photo Designer - Write your name with shapes,ART_AND_DESIGN,4.7,5.5M,4179602,0,Everyone,3.1,,Android,Launcher Labs
350 Diy Room Decor Ideas,ART_AND_DESIGN,4.5,17M,2554901,0,Everyone,1,,Android,Launcher Labs
FlipaClip - Cartoon animation,ART_AND_DESIGN,4.3,39M,3707540,0,Everyone,2.2.5,,Android,Launcher Labs
ibis Paint X,ART_AND_DESIGN,4.6,31M,465793,0,Everyone,5.5.4,,Android,Launcher Labs
Logo Maker - Small Business,ART_AND_DESIGN,4,14M,2543151,0,Everyone,4,,Android,Launcher Labs
Boys Photo Editor - Six Pack & Men's Suit,ART_AND_DESIGN,4.1,12M,2199044,0,Everyone,1.1,,Android,Launcher Labs
Superheroes Wallpapers | 4K Backgrounds,ART_AND_DESIGN,4.7,4.2M,1741336,0,Everyone 10+,2.2.6.2,,Android,Launcher Labs
HD Mickey Minnie Wallpapers,ART_AND_DESIGN,4.7,23M,4522045,0,Everyone,1.1.3,,iOS,Coloring Inc
Harley Quinn wallpapers HD,ART_AND_DESIGN,4.8,6.0M,3054721,0,Everyone,1.5,,Android,Coloring Inc
Colorfit - Drawing & Coloring,ART_AND_DESIGN,4.7,25M,2731461,0,Everyone,1.0.8,,Android,Coloring Inc
Animated Photo Editor,ART_AND_DESIGN,4.1,6.1M,3109525,0,Everyone,1.03,,iOS,Coloring Inc
Pencil Sketch Drawing,ART_AND_DESIGN,3.9,4.6M,3191924,0,Everyone,6,,Android,Coloring Inc
Easy Realistic Drawing Tutorial,ART_AND_DESIGN,4.1,4.2M,2971654,0,Everyone,1,,Android,Coloring Inc
Pink Silver Bow Keyboard Theme,ART_AND_DESIGN,4.2,9.2M,366800,0,Everyone,6.7.12.2018,,Android,Coloring Inc
Art Drawing Ideas,ART_AND_DESIGN,4.1,5.2M,754193,0,Everyone,1.2,,Android,Coloring Inc
Anime Manga Coloring Book,ART_AND_DESIGN,4.5,11M,596546,0,Everyone,2.2,,Android,Photolabs
Easy Origami Ideas,ART_AND_DESIGN,4.2,11M,1746509,0,Everyone,1.1.0,,Android,Photolabs
I Creative Idea,ART_AND_DESIGN,4.7,4.2M,2538766,0,Teen,1.6,,iOS,Photolabs
How to draw Ladybug and Cat Noir,ART_AND_DESIGN,3.8,9.2M,843757,0,Everyone,2.1,,Android,Photolabs
UNICORN - Color By Number & Pixel Art Coloring,ART_AND_DESIGN,4.7,24M,3727710,0,Everyone,1.0.9,,Android,Photolabs
PIP Camera - PIP Collage Maker,ART_AND_DESIGN,4.7,11M,1949757,0,Everyone,1.3,,Android,Photolabs
How To Color Disney Princess - Coloring Pages,ART_AND_DESIGN,4,9.4M,2812567,0,Everyone,1,,Android,Photolabs
Drawing Clothes Fashion Ideas,ART_AND_DESIGN,4.2,15M,2997820,0,Everyone,2.0.1,,Android,Photolabs
Sad Poetry Photo Frames 2018,ART_AND_DESIGN,4.5,10M,137431,0,Everyone,1,,Android,Photolabs
Paint Splash!,ART_AND_DESIGN,3.8,1.2M,1386286,0,Everyone,1.46,,Android,Photolabs
Popsicle Sticks and Similar DIY Craft Ideas,ART_AND_DESIGN,4.2,12M,4570356,0,Everyone,1.0.0,,Android,Photolabs
"Canva: Poster, banner, card maker & graphic design",ART_AND_DESIGN,4.7,24M,980887,0,Everyone,1.6.1,,Android,Canva
Install images with music to make video without Net - 2018,ART_AND_DESIGN,4.6,26M,2422504,0,Everyone,1.6,,Android,Meta
Little Teddy Bear Colouring Book Game,ART_AND_DESIGN,4.2,8.0M,1320556,0,Everyone,2.0.0,,Android,Meta
How To Draw Food,ART_AND_DESIGN,4.3,7.9M,182515,0,Everyone,1,,Android,Meta
Monster Truck Stunt 3D 2019,AUTO_AND_VEHICLES,4.2,25M,4208520,0,Everyone,1,,Android,Meta
Real Tractor Farming,AUTO_AND_VEHICLES,4,56M,4139930,0,Everyone,11,,iOS,Meta
Ultimate F1 Racing Championship,AUTO_AND_VEHICLES,3.8,57M,852655,0,Everyone,3,,Android,Meta
American Muscle Car Race,AUTO_AND_VEHICLES,3.9,35M,4265184,0,Everyone,3,,Android,Meta
Offroad Oil Tanker Driver Transport Truck 2019,AUTO_AND_VEHICLES,4.3,33M,475408,0,Everyone,4,,Android,Meta
Tickets SDA 2018 and Exam from the State Traffic Safety Inspectorate with Drom.ru,AUTO_AND_VEHICLES,4.9,33M,3425934,0,Everyone,1.7.1,,Android,Meta
Gas Prices (Germany only),AUTO_AND_VEHICLES,4.4,5.6M,107547,0,Everyone,2.5.1,,Android,Meta
Extreme Rally Championship,AUTO_AND_VEHICLES,4.2,54M,2759880,0,Everyone,3,,iOS,Meta
Restart Navigator,AUTO_AND_VEHICLES,4,201k,4706192,0,Everyone,1.0.1,,Android,Meta
"REG - Check the regnumber, find information about Swedish vehicles",AUTO_AND_VEHICLES,3.9,3.6M,4461750,0,Everyone,2.493,,Android,Meta
CityBus Lviv,AUTO_AND_VEHICLES,4.6,5.7M,1748726,0,Everyone,1.9.1,,Android,Canva
CDL Practice Test 2018 Edition,AUTO_AND_VEHICLES,4.9,17M,4527304,0,Everyone,1.7,,Android,Canva
"ezETC (ETC balance inquiry, meter trial, real-time traffic)",AUTO_AND_VEHICLES,4.3,8.6M,1933636,0,Everyone,2.20 Build 02,,Android,Canva
Free VIN Report for Used Cars,AUTO_AND_VEHICLES,4.6,2.4M,1032016,0,Everyone,1.37,,Android,Canva
DMV Permit Practice Test 2018 Edition,AUTO_AND_VEHICLES,4.9,27M,1606900,0,Everyone,1.7,,iOS,Canva
Check Vehicle Tax,AUTO_AND_VEHICLES,3.9,2.7M,1340796,0,Everyone,0.2.1,,Android,Canva
Used Cars Mexico,AUTO_AND_VEHICLES,4,2.5M,3845055,0,Everyone,1,,Android,Canva
Used cars for sale - Trovit,AUTO_AND_VEHICLES,4.2,7.0M,1662389,0,Everyone,4.47.3,,Android,Canva
"Fines of the State Traffic Safety Inspectorate are official: inspection, payment of fines",AUTO_AND_VEHICLES,4.8,35M,1885205,0,Everyone,1.9.7,,Android,Canva
SK Enca Direct Malls - Used Cars Search,AUTO_AND_VEHICLES,3.6,16M,2546426,0,Everyone,2.2.21,,Android,Canva
"Android Auto - Maps, Media, Messaging & Voice",AUTO_AND_VEHICLES,4.2,16M,1755200,0,Teen,Varies with device,,iOS,Canva
Tickets SDA 2019 + Exam RF,AUTO_AND_VEHICLES,4.8,17M,412591,0,Everyone,1.79,,iOS,SDA
Super Cars Wallpapers And Backgrounds,AUTO_AND_VEHICLES,4.6,3.4M,1267968,0,Everyone,1.3,,iOS,SDA
"Police Lights, Sirens & Follow Me",AUTO_AND_VEHICLES,4.5,8.9M,4212690,0,Everyone,2.3.5.1,,iOS,SDA
Police Detector (Speed Camera Radar),AUTO_AND_VEHICLES,4.3,3.9M,1745717,0,Everyone 10+,1.6,,iOS,SDA
Best Car Wallpapers,AUTO_AND_VEHICLES,4.5,2.9M,1755984,0,Everyone,1.6,,iOS,SDA
Tickets + PDA 2018 Exam,AUTO_AND_VEHICLES,4.9,38M,1835099,0,Everyone,8.31,,iOS,SDA
Pick Your Part Garage,AUTO_AND_VEHICLES,3.9,32M,1745064,0,Everyone,1.1.5.0,,iOS,SDA
PakWheels: Buy & Sell Cars,AUTO_AND_VEHICLES,4.4,37M,4839,0,Everyone,10.0.2,,iOS,SDA
Supervision service,AUTO_AND_VEHICLES,4,15M,2983587,0,Everyone,1.10.3,,iOS,SDA
Speed Camera Detector - Traffic & Speed Alert,AUTO_AND_VEHICLES,4.3,5.4M,503019,0,Everyone,1,,iOS,SDA
Used car search Goo net whole car Go to net,AUTO_AND_VEHICLES,3.7,18M,647570,0,Everyone,3.20.1,,Android,SDA
BEST CAR SOUNDS,AUTO_AND_VEHICLES,4.3,38M,4799941,0,Everyone,1.0.3,,iOS,SDA
RST - Sale of cars on the PCT,AUTO_AND_VEHICLES,3.2,1.1M,2346224,0,Everyone,1.4,,iOS,SDA
SMS Park,AUTO_AND_VEHICLES,4.5,7.9M,1239099,0,Everyone,2.8.2,,iOS,SDA
SKencar,AUTO_AND_VEHICLES,3.7,35M,4026140,0,Everyone,4.0.3,,iOS,SDA
auto fines,AUTO_AND_VEHICLES,4.6,17M,452732,0,Everyone,1.4,,iOS,SDA
"Used car is the first car - used car purchase, used car quotation, dealer information to",AUTO_AND_VEHICLES,4.6,19M,4708756,0,Everyone,1.5.18,,Android,SDA
All of the parking lot - National Park application (parking lot search / parking sharing / discount payment),AUTO_AND_VEHICLES,4,14M,661546,0,Everyone,2.3.4,,Android,Hush Inc
Inquiry Fines and Debits of Vehicles,AUTO_AND_VEHICLES,4.4,2.2M,2886529,0,Everyone,1.03,,iOS,Hush Inc
Gas Station,AUTO_AND_VEHICLES,4,4.5M,1179327,0,Everyone,2.17,,iOS,Hush Inc
Hush - Beauty for Everyone,BEAUTY,4.7,17M,4530831,0,Everyone,6.10.1,,Android,Hush Inc
"ipsy: Makeup, Beauty, and Tips",BEAUTY,4.9,14M,336703,0,Everyone,2.3.0,,iOS,Hush Inc
Natural recipes for your beauty,BEAUTY,4.7,9.8M,4444070,0,Everyone,4,,Android,Hush Inc
"BestCam Selfie-selfie, beauty camera, photo editor",BEAUTY,3.9,21M,4443271,0,Everyone,1.0.6,,iOS,Hush Inc
Beauty Selfie Camera,BEAUTY,4.2,52M,4948232,0,Everyone,1.6,,iOS,Hush Inc
Hairstyles step by step,BEAUTY,4.6,14M,3254322,0,Everyone,1.9,,Android,Hush Inc
Filters for Selfie,BEAUTY,4.3,25M,3344802,0,Everyone,1.1.0,,iOS,Hush Inc
Tie - Always be happy,BEAUTY,4.7,9.0M,4233033,0,Everyone,4,,iOS,Hush Inc
Prom MakeUp Tutorial,BEAUTY,4.8,12M,1918030,0,Everyone,1.3,,iOS,Hush Inc
Sweet Selfie Beauty Camera,BEAUTY,4.3,35M,4435926,0,Everyone,2.0.0,,Android,Hush Inc
Colors of white in Urdu,BEAUTY,4.5,6.7M,67201,0,Everyone,6,,iOS,Hush Inc
Selfie Camera Photo Editor & Filter & Sticker,BEAUTY,4.1,30M,1060214,0,Teen,3.0.1,,iOS,Hush Inc
Eyes Makeup Beauty Tips,BEAUTY,4.2,2.9M,2685378,0,Everyone,3.3.9,,iOS,Hush Inc
Photo Editor 2018,BEAUTY,4.5,17M,4582152,0,Everyone,1.2,,iOS,Spirits Commons
Step By Step Eyes Makeup Tutorial,BEAUTY,4.4,2.9M,3084054,0,Everyone,2.3.09,,iOS,Spirits Commons
Mirror Camera (Mirror + Selfie Camera),BEAUTY,4.1,2.6M,2297645,0,Everyone,1.4.2,,iOS,Spirits Commons
Beauty Tips - Beauty Tips in Sinhala,BEAUTY,4.4,4.2M,3107028,0,Everyone,1.0.0,,iOS,Spirits Commons
Haircut Tutorials/Haircut Videos,BEAUTY,4.6,7.1M,3939768,0,Everyone,1,,Android,Spirits Commons
"Sephora: Skin Care, Beauty Makeup & Fragrance Shop",BEAUTY,4.5,57M,2830060,0,Everyone,18.5,,Android,Spirits Commons
"Sticker Camera - Selfie Filters, Beauty Camera",BEAUTY,3.9,22M,2768115,0,Everyone,1.1.0,,Android,Spirits Commons
Filters for B Live,BEAUTY,4.4,24M,3579950,0,Everyone,1.1.0,,Android,Spirits Commons
Facial Wrinkle Reduction,BEAUTY,4.6,21M,2956124,0,Everyone,1.5,,Android,Spirits Commons
Makeup Videos,BEAUTY,3.8,3.4M,2967242,0,Everyone,1,,Android,Spirits Commons
Discover Color,BEAUTY,4,6.4M,1916230,0,Everyone,1.1,,Android,Spirits Commons
Eyeliner step by step 2018,BEAUTY,4.3,3.2M,2096771,0,Everyone,1.2.13,,Android,Spirits Commons
Dresses Ideas & Fashions +3000,BEAUTY,4.5,8.2M,2917148,0,Mature 17+,1.0.2.0,,Android,Spirits Commons
Step By Step Hairstyles For Women,BEAUTY,4.1,2.9M,1358472,0,Everyone,3.1.89,,Android,Spirits Commons
Rainbow Camera,BEAUTY,3.7,23M,1998609,0,Everyone,2.2.0,,Android,Rainbow Inc
Methods of teeth whitening,BEAUTY,4.7,4.6M,4074725,0,Everyone,1,,Android,Rainbow Inc
Girls hairstyles 2018,BEAUTY,4.2,3.1M,4502188,0,Everyone,1.9.2,,Android,Rainbow Inc
E-Book Read - Read Book for free,BOOKS_AND_REFERENCE,4.5,4.9M,4709558,0,Everyone,1.3.2,,Android,Rainbow Inc
Download free book with green book,BOOKS_AND_REFERENCE,4.6,9.5M,79557,0,Everyone 10+,1.1,,iOS,Rainbow Inc
Free Panda Radio Music,BOOKS_AND_REFERENCE,4.5,4.2M,2125135,0,Everyone,2.1,,Android,Rainbow Inc
Book store,BOOKS_AND_REFERENCE,4.4,5.4M,2121790,0,Teen,3.2.1,,Android,Rainbow Inc
English Grammar Complete Handbook,BOOKS_AND_REFERENCE,4.6,2.8M,1402230,0,Everyone,1,,Android,Rainbow Inc
Free Books - Spirit Fanfiction and Stories,BOOKS_AND_REFERENCE,4.8,5.0M,2151536,0,Teen,2.0.075,,Android,Rainbow Inc
AlReader -any text book reader,BOOKS_AND_REFERENCE,4.6,5.9M,768585,0,Everyone,1.91180527,,Android,Rainbow Inc
Offline English Dictionary,BOOKS_AND_REFERENCE,4.2,13M,3590496,0,Everyone,1,,Android,Rainbow Inc
Oxford Dictionary of English : Free,BOOKS_AND_REFERENCE,4.1,7.1M,1769442,0,Everyone,9.1.363,,Android,Rainbow Inc
Offline: English to Tagalog Dictionary,BOOKS_AND_REFERENCE,4.7,6.7M,2621460,0,Everyone,1.1.6,,Android,Rainbow Inc
FamilySearch Tree,BOOKS_AND_REFERENCE,4.3,17M,3503039,0,Everyone,2.3.18,,iOS,Rainbow Inc
Cloud of Books,BOOKS_AND_REFERENCE,3.3,19M,4459219,0,Everyone,2.2.5,,Android,Rainbow Inc
Recipes of Prophetic Medicine for free,BOOKS_AND_REFERENCE,4.6,6.7M,76518,0,Everyone,15,,Android,Rainbow Inc
ReadEra – free ebook reader,BOOKS_AND_REFERENCE,4.8,21M,3236882,0,Everyone,18.05.31+530,,Android,Rainbow Inc
Ebook Reader,BOOKS_AND_REFERENCE,4.1,37M,4364600,0,Everyone,5.0.6,,Android,Rainbow Inc
Litnet - E-books,BOOKS_AND_REFERENCE,4.6,15M,4457629,0,Teen,1.2.3,,Android,Rainbow Inc
Read books online,BOOKS_AND_REFERENCE,4.1,23M,604062,0,Mature 17+,3.12,,Android,Rainbow Inc
English to Urdu Dictionary,BOOKS_AND_REFERENCE,4.6,19M,1119424,0,Everyone,2,,Android,eAPPS
eBoox: book reader fb2 epub zip,BOOKS_AND_REFERENCE,4.7,23M,1854411,0,Everyone,1.28,,iOS,eAPPS
English Persian Dictionary,BOOKS_AND_REFERENCE,4.5,73M,3623063,0,Everyone,6.0.8,,Android,eAPPS
Flybook,BOOKS_AND_REFERENCE,3.9,4.9M,1804116,0,Mature 17+,1.0.3,,Android,eAPPS
All Maths Formulas,BOOKS_AND_REFERENCE,4.4,6.8M,3554669,0,Everyone,1.9,,Android,eAPPS
English translation from Bengali,BOOKS_AND_REFERENCE,4.5,2.9M,3138242,0,Everyone,14,,Android,eAPPS
Pdf Book Download - Read Pdf Book,BOOKS_AND_REFERENCE,4.4,3.5M,280557,0,Everyone,6,,Android,eAPPS
Free Book Reader,BOOKS_AND_REFERENCE,3.4,4.0M,66033,0,Everyone,3.05,,Android,eAPPS
eBoox new: Reader for fb2 epub zip books,BOOKS_AND_REFERENCE,4.9,21M,10399,0,Everyone,2,,iOS,eAPPS
"Only 30 days in English, the guideline is guaranteed",BOOKS_AND_REFERENCE,4.6,2.3M,4055500,0,Everyone,1.5,,Android,eAPPS
English-Myanmar Dictionary,BOOKS_AND_REFERENCE,4.4,10M,1185046,0,Everyone,2.5.3,,Android,eAPPS
Golden Dictionary (EN-AR),BOOKS_AND_REFERENCE,4.4,6.1M,4906016,0,Everyone,7.0.4.6,,Android,eAPPS
All Language Translator Free,BOOKS_AND_REFERENCE,4.4,2.1M,2321917,0,Everyone,1.15,,Android,eAPPS
Azpen eReader,BOOKS_AND_REFERENCE,3.5,42M,3577554,0,Everyone,3.1.7.9,,Android,PENZ
English Dictionary - Offline,BOOKS_AND_REFERENCE,4.4,30M,3899969,0,Everyone 10+,3.9.1,,Android,PENZ
ADP Mobile Solutions,BUSINESS,4.3,29M,1243229,0,Everyone,3.4.2,,Android,PENZ
OfficeSuite : Free Office + PDF Editor,BUSINESS,4.3,35M,881395,0,Everyone,9.7.14188,,Android,PENZ
USPS MOBILE®,BUSINESS,3.9,9.1M,926813,0,Everyone,4.9.10,,iOS,PENZ
Job Search by ZipRecruiter,BUSINESS,4.8,25M,567819,0,Everyone,5.2.8,,Android,PENZ
Curriculum vitae App CV Builder Free Resume Maker,BUSINESS,4.5,3.9M,2351499,0,Everyone,3.3,,Android,PENZ
Google Primer,BUSINESS,4.4,18M,249818,0,Everyone,3.550.2,,Android,PENZ
Alba Heaven - Alvarez Job Portal Services,BUSINESS,4,12M,3968372,0,Everyone,4.6.30,,Android,PENZ
SuperLivePro,BUSINESS,4.3,21M,4261362,0,Everyone,2.8,,Android,PENZ
Polaris Office for LG,BUSINESS,4.2,55M,4153912,0,Everyone,7.3.21,,Android,PENZ
Call Blocker,BUSINESS,4.6,3.2M,4290860,0,Everyone,1.1.13,,iOS,PENZ
Plugin:AOT v5.0,BUSINESS,3.1,23k,3730465,0,Everyone,3.0.1.11 (Build 311),,Android,PENZ
Kariyer.net,BUSINESS,3.9,16M,1017980,0,Everyone,5.1.5,,Android,PENZ
Become a Job - Find a job or advertise,BUSINESS,4.1,14M,3214330,0,Everyone,2.3.6,,Android,PENZ
ZOOM Cloud Meetings,BUSINESS,4.4,37M,4499869,0,Everyone,4.1.28165.0716,,Android,PENZ
"IndiaMART: Search Products, Buy, Sell & Trade",BUSINESS,4.5,11M,2485128,0,Everyone,12.2.4,,Android,PENZ
ViettelPost express delivery,BUSINESS,4.4,25M,3669743,0,Everyone,1.0.6.8,,Android,PENZ
MyASUS - Service Center,BUSINESS,4.4,7.3M,4318539,0,Everyone,3.4.5,,Android,PENZ
Job Korea - Career Jobs,BUSINESS,4.3,6.5M,2319755,0,Everyone,2.5.6,,Android,PENZ
"104 Looking for a job - looking for a job, looking for a job, looking for a part-time job, health checkup, resume, treatment room",BUSINESS,4.4,25M,4751597,0,Everyone,1.12.5,,Android,PENZ
Myanmar 2D/3D,BUSINESS,4.6,3.1M,2760596,0,Everyone,1.5,,Android,PENZ
Manga Master - Best manga & comic reader,COMICS,4.6,4.9M,3178463,0,Adults only 18+,1.1.7.0,,Android,PENZ
GANMA! - All original stories free of charge for all original comics,COMICS,4.7,27M,3747511,0,Teen,2.11.3,,iOS,PENZ
Röhrich Werner Soundboard,COMICS,4.7,32M,4463928,0,Everyone,1.08,,Android,PENZ
Unicorn Pokez - Color By Number,COMICS,4.8,12M,4939059,0,Everyone,1.0.6,,Android,PENZ
MangaToon - Comics updated Daily,COMICS,3.9,15M,3652409,0,Mature 17+,1.0.8,,Android,PENZ
Manga Net – Best Online Manga Reader,COMICS,4.1,11M,1274915,0,Mature 17+,1.5,,Android,PENZ
Manga Rock - Best Manga Reader,COMICS,4.4,28M,1839896,0,Teen,3.4.3_world,,Android,PENZ
Manga - read Thai translation,COMICS,4.6,2.2M,630458,0,Teen,1,,Android,PENZ
The Vietnam Story - Fun Stories,COMICS,4.5,3.4M,1699973,0,Everyone,1,,Android,PENZ
Dragon Ball Wallpaper - Ringtones,COMICS,4.7,8.3M,1001086,0,Everyone,1.9,,Android,PENZ
Funny Jokes Photos,COMICS,4.4,4.3M,1333990,0,Everyone 10+,1.1,,Android,PENZ
Truyện Vui Tý Quậy,COMICS,4.5,4.7M,1003446,0,Everyone,3,,Android,PENZ
Comic Es - Shojo manga / love comics free of charge ♪ ♪,COMICS,3.9,10M,3639731,0,Teen,1.2.12,,Android,PENZ
comico Popular Original Cartoon Updated Everyday Comico,COMICS,3.2,15M,2166674,0,Teen,6.3.0,,Android,PENZ
Daily Manga - Comic & Webtoon,COMICS,3.2,7.1M,2161411,0,Mature 17+,1,,iOS,Comixology
"漫咖 Comics - Manga,Novel and Stories",COMICS,4.1,21M,642929,0,Mature 17+,2.3.1,,Android,Comixology
Emmanuella Funny Videos 2018,COMICS,4.5,6.1M,1673191,0,Everyone,3.1.0,,Android,Comixology
PHONE for Google Voice & GTalk,COMMUNICATION,4.3,13M,4701350,0,Everyone,3.0.7,,Android,Comixology
Safest Call Blocker,COMMUNICATION,4.4,3.7M,1307268,0,Everyone,1.26.001,,Android,Comixology
Full Screen Caller ID,COMMUNICATION,4.2,10M,336023,0,Everyone,3.5.0,,Android,Comixology
Hiya - Caller ID & Block,COMMUNICATION,4.4,13M,2709515,0,Mature 17+,8.1.2-6310,,Android,Comixology
Call Blocker,COMMUNICATION,4.1,10M,4361738,0,Everyone,5.86,,Android,Comixology
Mr. Number-Block calls & spam,COMMUNICATION,4.2,13M,2801116,0,Mature 17+,5.1.2-6310,,Android,Comixology
Should I Answer?,COMMUNICATION,4.8,8.8M,1336806,0,Everyone,2018.1.715,,Android,Comixology
RocketDial Dialer & Contacts,COMMUNICATION,4.4,5.5M,14442,0,Everyone,3.9.7,,Android,Comixology
"CallApp: Caller ID, Blocker & Phone Call Recorder",COMMUNICATION,4.4,20M,3826890,0,Everyone,1.286,,Android,Comixology
Whoscall - Caller ID & Block,COMMUNICATION,4.4,29M,1032445,0,Everyone,6.19.1,,Android,Comixology
RandoChat - Chat roulette,DATING,3.6,12M,2522555,0,Mature 17+,4.0.18,,iOS,Comixology
BeWild Free Dating & Chat App,DATING,3.4,8.0M,704446,0,Mature 17+,1.6.5,,Android,Comixology
"FastMeet: Chat, Dating, Love",DATING,4.2,5.9M,53366,0,Mature 17+,1.31.4,,Android,Comixology
"Free Dating App - YoCutie - Flirt, Chat & Meet",DATING,4.1,7.9M,4336692,0,Mature 17+,1.23,,Android,Comixology
OurTime Dating for Singles 50+,DATING,3.4,5.0M,2574354,0,Mature 17+,1.9.7,,Android,Comixology
FarmersOnly Dating,DATING,3,1.4M,792256,0,Mature 17+,2.2,,Android,Comixology
Dating for 50 plus Mature Singles – FINALLY,DATING,4.6,13M,3010196,0,Mature 17+,4.17.2,,Android,Comixology
Sudy – Meet Elite & Rich Single,DATING,4.1,40M,744995,0,Mature 17+,4.1.2,,Android,Comixology
Christian Dating For Free App,DATING,3.9,13M,3145393,0,Mature 17+,15.8,,Android,Comixology
Just She - Top Lesbian Dating,DATING,1.9,19M,1025879,0,Mature 17+,6.3.7,,Android,Comixology
Single Parent Meet #1 Dating,DATING,3.5,5.0M,2000643,0,Mature 17+,1.9.7,,Android,Comixology
EliteSingles – Dating for Single Professionals,DATING,2.5,19M,3696610,0,Mature 17+,4.8.5,,iOS,Comixology
Millionaire Match: Rich Singles Dating App,DATING,3.9,27M,4945548,0,Mature 17+,6.4.6,,Android,Comixology
InterracialCupid - Interracial Dating App,DATING,3.4,3.0M,1437941,0,Mature 17+,2.3.0.1781,,Android,Comixology
Sugar Mommas Dating And Single Search,DATING,3.5,13M,291864,0,Mature 17+,4.3,,Android,Comixology
"Hide App, Private Dating, Safe Chat - PrivacyHider",DATING,4.4,7.2M,1756550,0,Everyone,2.9.6,,Android,Comixology
"muzmatch: Muslim & Arab Singles, Marriage & Dating",DATING,3.8,25M,2173769,0,Mature 17+,3.8.75a,,Android,Tinder Inc
Adult Dating - AdultFinder,DATING,3.3,3.8M,1649654,0,Mature 17+,1.5,,Android,Tinder Inc
Gay Sugar Daddy Dating & Hookup – Sudy Gay,DATING,4.1,41M,405527,0,Mature 17+,2.0.5,,Android,Tinder Inc
"Meet24 - Love, Chat, Singles",DATING,4.2,7.9M,1427003,0,Mature 17+,1.31.3,,Android,Tinder Inc
BBWCupid - BBW Dating App,DATING,3.5,2.8M,1253130,0,Mature 17+,2.2.0.1748,,Android,Tinder Inc
ChatVideo Meet new people,DATING,4.2,20M,3648361,0,Mature 17+,3.0.15,,Android,Tinder Inc
"TryDate - Free Online Dating App, Chat Meet Adults",DATING,4.4,15M,3161554,0,Mature 17+,2.4.0,,Android,Tinder Inc
Black White Interracial Dating - Interracial Match,DATING,4.1,28M,2868390,0,Mature 17+,2.0.0,,Android,Tinder Inc
"USA Singles Meet, Match and Date Free - Date",DATING,4.2,9.6M,3654503,0,Mature 17+,1.55,,Android,Tinder Inc
FlirtChat - ♥Free Dating/Flirting App♥,DATING,4.3,13M,2595875,0,Mature 17+,12.0.4,,Android,Tinder Inc
OkCupid Dating,DATING,4.1,15M,317663,0,Mature 17+,11.10.1,,Android,Tinder Inc
CMB Free Dating App,DATING,4,40M,4060204,0,Mature 17+,4.19.0.2320,,Android,Tinder Inc
"Hily: Dating, Chat, Match, Meet & Hook up",DATING,4.1,56M,316356,0,Mature 17+,2.5.2,,Android,Tinder Inc
Hinge: Dating & Relationships,DATING,4.2,12M,4225272,0,Mature 17+,6.1.3,,Android,Tinder Inc
The League,DATING,3,9.4M,2208022,0,Mature 17+,1.15.0,,Android,Tinder Inc
BBW Dating & Plus Size Chat,DATING,4.4,29M,1459142,0,Mature 17+,3.5.0.1,,Android,Tinder Inc
Casual Dating & Adult Singles - Joyride,DATING,4.5,11M,4894746,0,Mature 17+,4.17.2,,Android,Tinder Inc
EliteSingles – Dating for Single Professionals,DATING,2.5,19M,3124669,0,Mature 17+,4.8.5,,Android,Tinder Inc
TED,EDUCATION,4.6,18M,3680516,0,Everyone 10+,3.2.5,,Android,Tinder Inc
English Communication - Learn English for Chinese (Learn English for Chinese),EDUCATION,4.7,18M,4310121,0,Everyone,3.1,,Android,Tinder Inc
Khan Academy,EDUCATION,4.6,21M,448829,0,Everyone,5.0.0,,Android,Tinder Inc
Learn English with Wlingua,EDUCATION,4.7,3.3M,433346,0,Everyone,1.94.9,,Android,Tinder Inc
Dinosaurs Coloring Pages,EDUCATION,4.4,41M,4830358,0,Everyone,1.1.6,,Android,Showtime
Cars Coloring Pages,EDUCATION,4.4,49M,337135,0,Everyone,1.2.0,,Android,Showtime
Babbel – Learn Languages,EDUCATION,4.3,21M,4817957,0,Everyone,20.7.2,,Android,Showtime
Math Tricks,EDUCATION,4.5,8.1M,777150,0,Everyone,2.24,,Android,Showtime
Monster Truck Driver & Racing,EDUCATION,4.4,51M,3015305,0,Everyone,1.0.9,,Android,Showtime
Learn English Words Free,EDUCATION,4.6,14M,272306,0,Everyone,2.6.2,,Android,Showtime
Japanese / English one-shop search dictionary - Free Japanese - English - Japanese dictionary application,EDUCATION,3.9,18M,4697650,0,Mature 17+,1.4.2,,Android,Showtime
English speaking texts,EDUCATION,4.4,3.0M,283231,0,Everyone,1.2,,Android,Showtime
Thai Handwriting,EDUCATION,4.3,19M,4441628,0,Everyone,3.1,,Android,Showtime
MTV,ENTERTAINMENT,3.8,15M,3100725,0,Teen,11.45.0,,Android,Showtime
Lifetime - Watch Full Episodes & Original Movies,ENTERTAINMENT,4,19M,543427,0,Teen,3.1.4,,Android,Showtime
Comedy Central,ENTERTAINMENT,3.9,19M,3625509,0,Teen,11.45.0,,Android,Showtime
BET NOW - Watch Shows,ENTERTAINMENT,4.2,19M,1016686,0,Teen,11.45.0,,Android,Showtime
FOX,ENTERTAINMENT,3.7,44M,2086771,0,Mature 17+,6.6.1,,Android,Showtime
Telemundo Now,ENTERTAINMENT,3.9,19M,1627074,0,Teen,3.3.1.42,,Android,Showtime
Nick Jr. - Shows & Games,ENTERTAINMENT,4.2,35M,2989187,0,Everyone,1.0.20,,Android,Showtime
Sticker Market: Emoji keyboard,ENTERTAINMENT,4.3,44M,965875,0,Teen,1.2.3,,Android,Showtime
Citizens Bank Mobile Banking,FINANCE,4.1,38M,3470142,0,Everyone,4.2.1,,Android,Showtime
GoBank,FINANCE,4.4,12M,1435734,0,Everyone,2.131,,Android,Showtime
NetSpend Prepaid,FINANCE,4.2,45M,2597009,0,Everyone,4.10.0,,Android,Showtime
BBVA Compass Banking,FINANCE,4.3,50M,719381,0,Everyone,6.0.2,,Android,Showtime
Simple - Better Banking,FINANCE,4.4,24M,4645343,0,Everyone,2.53.2,,Android,Showtime
PayPal,FINANCE,4.3,47M,2400354,0,Everyone,6.28.0,,Android,Showtime
BankMobile Vibe App,FINANCE,4.3,23M,2597991,0,Everyone,5.1,,Android,Showtime
Netspend Skylight ONE,FINANCE,3.9,46M,616211,0,Everyone,4.10.0,,Android,Showtime
ACE Elite,FINANCE,4.1,45M,2930586,0,Everyone,4.10.0,,Android,Showtime
U.S. Bank,FINANCE,4.1,50M,1572496,0,Everyone,2.34.29,,Android,Bankers
Huntington Mobile,FINANCE,4.2,24M,2777651,0,Everyone,5.2.203,,Android,Bankers
USAA Mobile,FINANCE,4.5,33M,4222406,0,Everyone,8.44.2,,Android,Bankers